項次,地名,里程_單位公里,備註,項次,地名,里程_單位公里,備註
001,三芝,0,起點，接省道台2線,003,瀾尾埔,15.45,終點，接省道台2線
002,北新莊,8.175,接縣道101甲線,004,淡水,17.173,終點，短鏈0.464公里，接省道台2乙線
,,,,,,,
,,,,,,,
縣道101甲線 北新莊－北市界 里程表,,,,,,,
項次,地名,里程_單位公里,備註,項次,地名,里程_單位公里,備註
001,三芝北新莊,0,起點，接縣道101線,002,新北臺北市界,10.74,終點，短鏈0.010公里，續往東行，可接省道台2甲線
,,,,,,,
,,,,,,,
縣道102線 基隆－福隆 里程表,,,,,,,
項次,地名,里程_單位公里,備註,項次,地名,里程_單位公里,備註
001,基隆市政府,0,起點，接省道台2線,007,雙溪,32.92,接省道台2丙線
002,基隆新北市界,7.762,,008,貢寮,37,
003,九份,15,,009,草嶺古道,39.8,
004,大粗坑,21,,010,貢寮福隆,41.031,終點，長鏈1.358公里，接省道台2線
005,牡丹,28,,,,,
006,雙溪,30.404,接縣道102甲線,,,,
,,,,,,,
,,,,,,,
縣道102甲線 雙溪－澳底 里程表,,,,,,,
項次,地名,里程_單位公里,備註,項次,地名,里程_單位公里,備註
001,雙溪,0,起點，接縣道102線,002,貢寮澳底,9.103,終點，短鏈0.037公里，接省道台2線
,,,,,,,
,,,,,,,
縣道103線 龍形－三重 里程表,,,,,,,
項次,地名,里程_單位公里,備註,項次,地名,里程_單位公里,備註
001,五股龍形,0,起點，接省道台15線,004,三重,8.252,接縣道104線
002,成子寮,2.681,,005,三重,9.6,終點，長鏈0.037公里，接省道台1甲線
003,蘆洲,6.731,徐匯中學,,,,
,,,,,,,
,,,,,,,
縣道103甲線 三重－重陽橋 里程表,,,,,,,
項次,地名,里程_單位公里,備註,項次,地名,里程_單位公里,備註
001,蘆洲,0,起點，接縣道103線,002,三重重陽橋,3.923,終點，續往東行可接省道台2乙線
,,,,,,,
,,,,,,,
,,,,,,,
縣道104線 二重埔－中興橋 里程表,,,,,,,
項次,地名,里程_單位公里,備註,項次,地名,里程_單位公里,備註
001,三重,0,起點，接縣道103線，可通國道1號三重交流道,003,台北中興橋,4.444,終點，短鏈0.021公里，續向東行可接省道台3線(北市中華路)
,,,,,,,
002,三重,1.45,接省道台1線,,,,
,,,,,,,
,,,,,,,
縣道105線 八里－龜山 里程表,,,,,,,
項次,地名,里程_單位公里,備註,項次,地名,里程_單位公里,備註
001,八里大崁腳,0,起點，接省道台15線,005,林口交流道,14.51,接國道1號
002,太平嶺,8.699,接鄉道北79線,006,新北市桃園縣界,14.518,
003,林口,11.59,接縣道106線,007,龜山,21.8,終點，短鏈0.678公里，接省道台1線
004,林口國小,13.35,接縣道108線,,,,
,,,,,,,
,,,,,,,
縣道106線 下福－瑞芳 里程表,,,,,,,
項次,地名,里程_單位公里,備註,項次,地名,里程_單位公里,備註
001,林口下福,0,起點，接省道台15線,010,坡內坑,39.15,接國道3甲號萬芳交流道
002,林口,11.532,接縣道105線,011,新北臺北市界,41.563,
003,泰山,18.063,接縣道107線,012,深坑,44.157,接縣道109線
004,新莊,21.282,接省道台1甲線,013,雙溪口,47.819,接國道5號石碇交流道、縣道106乙線
005,板橋,24.981,接省道台3線,,,,
006,中和,29.25,接省道台64線,014,菁銅坑,59.889,
007,中和,30.925,接鄉道北88線,015,平溪,60.995,平溪國中前
008,景美,34.207,新北臺北市界,016,十分寮,68.185,接省道台2丙線
009,木柵,37.363,,017,瑞芳,81.981,終點，短鏈0.268公里，接省道台2丁線
,,,,,,,
,,,,,,,
縣道106甲線 新莊－中和 里程表,,,,,,,
項次,地名,里程_單位公里,備註,項次,地名,里程_單位公里,備註
001,新莊,0,起點，接省道台1線,003,大漢橋,5.75,
002,新莊,2.945,思源路口，接省道台1線,004,板橋,6.291,終點，短鏈0.514公里，接省道台3線
,,,,,,,
,,,,,,,
縣道106乙線 木柵－坪林 里程表,,,,,,,
項次,地名,里程_單位公里,備註,項次,地名,里程_單位公里,備註
001,木柵,0,起點，接國道3號木柵交流道,003,樹梅嶺,16.244,
,,,,004,坪林,22.164,終點，短鏈0.557公里，接省道台9線
002,石碇雙溪口,5.244,接國道5號、縣道106線,,,,
,,,,,,,
,,,,,,,
縣道107線 成子寮－樹林 里程表,,,,,,,
項次,地名,里程_單位公里,備註,項次,地名,里程_單位公里,備註
001,五股成子寮,0,起點，接縣道103線,005,丹鳳,9.05,接省道台1線
002,五股,1.748,接縣道107甲線,006,丹鳳,9.385,接省道台1甲線
003,五股國小,2.856,接縣道108線,007,樹林,16.48,終點，短鏈0.006公里，接縣道114線
004,泰山,5.364,接縣道106線,,,,
,,,,,,,
,,,,,,,
縣道107甲線 五股－新莊 里程表,,,,,,,
項次,地名,里程_單位公里,備註,項次,地名,里程_單位公里,備註
001,五股,0,起點，接縣道107線,003,五股交流道,2.5,接國道1號
002,五股,0.997,接縣道108線,004,新莊,3.977,終點，短鏈0.044公里，接省道台1線
,,,,,,,
,,,,,,,
縣道108線 海湖－三重 里程表,,,,,,,
項次,地名,里程_單位公里,備註,項次,地名,里程_單位公里,備註
001,蘆竹海湖,0,起點，接省道台15線,005,五股區公所,26.7,接縣道107線
002,山腳,4.616,接鄉道桃3線,006,五股,27,接縣道107甲線
003,桃縣新北市界,11.297,,007,三重,33.348,接省道台1甲線
004,林口,14.802,接縣道105線,008,三重,34.488,終點，接三重環河北街，短鏈0.588公里
,,,,,,,
,,,,,,,
縣道109線 北市界－深坑 里程表,,,,,,,
項次,地名,里程_單位公里,備註,項次,地名,里程_單位公里,備註
001,新北臺北市界,0,起點，接北市南深路,002,深坑,2.719,終點，長鏈0.029公里，接縣道106線
,,,,,,,
,,,,,,,
縣道110線 大園－新店 里程表,,,,,,,
項次,地名,里程_單位公里,備註,項次,地名,里程_單位公里,備註
001,大園,0,起點，接省道台15線,009,橫溪,29.127,接省道台3線
002,大園交流道,2.4,接國道2號,010,成福,33.022,接鄉道北108線
003,三塊厝,5.519,接縣道110甲縣,011,五城,38.825,
004,桃園,14.982,接省道台1線,012,公館崙,43.525,接縣道111線
005,桃縣新北市界,19.194,,013,公館崙,44.025,接國道3號安坑交流道
006,鶯歌,23.638,接縣道114線,014,新店,44.833,終點，短鏈2.083公里，接省道台9線
007,三鶯交流道,24.85,接國道3號,,,,
008,三峽,27.508,接省道台3線，8-9與省道台3線共線,,,,
,,,,,,,
,,,,,,,
,,,,,,,
縣道110甲線 三塊厝－宋屋 里程表,,,,,,,
項次,地名,里程_單位公里,備註,項次,地名,里程_單位公里,備註
001,大園三塊厝,0,起點，接縣道110線,005,新街,9.55,接省道台1線
002,三塊厝,0.157,與國道2號立體交叉,006,平鎮宋屋,11.787,終點，短鏈0.828公里，接省道台1線
003,內壢交流道,6.15,接國道1號,,,,
004,埔頂,8.658,接省道台1線，4-5與省道台1線共線,,,,
,,,,,,,
,,,,,,,
,,,,,,,
縣道110乙線 鶯歌－八德 里程表,,,,,,,
項次,地名,里程_單位公里,備註,項次,地名,里程_單位公里,備註
001,鶯歌,0,起點，接縣道110線,003,八德,1.45,終點，短鏈0.011公里，接鄉道桃57線
002,大湳交流道,0.925,接國道2號,,,,
,,,,,,,
,,,,,,,
縣道111線 中正橋－公館崙 里程表,,,,,,,
項次,地名,里程_單位公里,備註,項次,地名,里程_單位公里,備註
001,台北中正橋,0,永和端，起點，接北市重慶南路,003,南勢角,3.734,接省道台64線中和二交流道、縣道106線
,,,,,,,
002,永和,1.303,接鄉道北88線,004,新店公館崙,7.558,終點，長鏈0.534公里，接縣道110線
,,,,,,,
,,,,,,,
,,,,,,,
縣道112線 觀音－崎頂 里程表,,,,,,,
項次,地名,里程_單位公里,備註,項次,地名,里程_單位公里,備註
001,觀音,0,起點，接省道台15線,007,平鎮,20.1,接縣道113線
002,大崙派出所,12.736,,008,平鎮,20.85,接縣道113甲線
003,大圳頭,13.5,接省道台31線,009,龍岡圓環,23.121,
004,中壢,17.166,接省道台1線，4-6與省道台1線共線,010,南興,26.8,接縣道112甲線
005,中壢,17.55,接縣道114線,011,大溪崎頂,28.8,終點，短鏈0.656公里，接省道台3線
006,平鎮,19.05,接省道台1線、縣道110甲線,,,,
,,,,,,,
,,,,,,,
,,,,,,,
縣道112甲線 南興－員樹林 里程表,,,,,,,
項次,地名,里程_單位公里,備註,項次,地名,里程_單位公里,備註
001,大溪南興,0,起點，接縣道112線,003,大溪交流道,1.4,接國道3號
002,溪尾,0.675,接省道台66線,004,大溪員樹林,2.118,終點，短鏈0.023公里，接省道台3線
,,,,,,,
,,,,,,,
,,,,,,,
縣道113線 大園－石門 里程表,,,,,,,
項次,地名,里程_單位公里,備註,項次,地名,里程_單位公里,備註
001,大園,0,起點，接省道台15線,006,北勢,19.8,接省道台66線平鎮二交流道
002,高鐵桃園站,9.258,接縣道113丙線,,,,
003,青埔,10.75,接省道台31線,007,龍潭,26.359,接省道台3線
004,中壢,15.55,接省道台1線,008,半路店,28.459,接鄉道桃66線
005,中壢,16.839,接縣道114線,009,龍潭石門,31.281,終點，長鏈0.066公里，接省道台3乙線
,,,,,,,
,,,,,,,
縣道113甲線 中壢－龍潭 里程表,,,,,,,
項次,地名,里程_單位公里,備註,項次,地名,里程_單位公里,備註
001,中壢,0,起點，接縣道113線,003,龍潭,9.931,終點，短鏈0.128公里，接省道台3線
002,東勢,5.13,接省道台66線平鎮三交流道,,,,
,,,,,,,
,,,,,,,
,,,,,,,
縣道113乙線 黃泥塘－十一分里程表,,,,,,,
項次,地名,里程_單位公里,備註,項次,地名,里程_單位公里,備註
001,龍潭黃泥塘,0,起點，接省道台3線,003,龍潭十一分,1.647,終點，短鏈0.056公里，接縣道113線
002,龍潭交流道,0.95,接國道3號,,,,
,,,,,,,
,,,,,,,
縣道113丙線 青埔－中壢 里程表,,,,,,,
項次,地名,里程_單位公里,備註,項次,地名,里程_單位公里,備註
001,青埔,0,起點，接縣道113線,004,青埔,1.504,接省道台31線
002,高鐵桃園站,0.48,,005,中壢,5.994,終點，短鏈0.009公里，接省道台1線
003,青埔,1.1,接省道台31線，3-4與省道台31線共線,,,,
,,,,,,,
,,,,,,,
,,,,,,,
縣道114線 永安－光復橋 里程表,,,,,,,
項次,地名,里程_單位公里,備註,項次,地名,里程_單位公里,備註
001,新屋永安,0,起點,009,桃縣新北市界,35.362,
002,崁頭厝,1.282,接省道台15線,010,鶯歌,38.281,接縣道110線
003,新屋,9.279,接縣道115線,011,山佳,43.311,接鄉道北85線
004,北勢,12.1,接省道台66線新屋交流道,012,樹林火車站,47.495,
,,,,013,板橋,52.678,接省道台3線
005,中壢交流道,19.61,接國道1號,014,板橋,53.95,接省道台64線橋下平面道路
006,中壢,20.498,接省道台1線,,,,
007,八德鄉公所,29.815,,015,臺北光復橋,56.379,臺北端終點，短鏈0.535公里，接北市西園路
008,更寮腳,31.287,接省道台4線,,,,
,,,,,,,
,,,,,,,
縣道115線 觀音－芎林 里程表,,,,,,,
項次,地名,里程_單位公里,備註,項次,地名,里程_單位公里,備註
001,觀音,0,起點，接縣道112線,005,楊梅,16.516,接省道台1線
002,石磊,4.1,接省道台66線觀音一交流道,006,桃竹縣界,20.016,
,,,,007,新埔,30.557,接縣道118線
003,新屋,7.775,接縣道114線,008,芎林,37.332,終點，接縣道120線，續往南行可接省道台68線芎林交流道
004,老飯店,12.432,接鄉道桃111線,,,,
,,,,,,,
,,,,,,,
,,,,,,,
縣道116線 迴龍－板橋 里程表,,,,,,,
項次,地名,里程_單位公里,備註,項次,地名,里程_單位公里,備註
001,新莊迴龍,0,起點，接省道台1線,003,樹林,3.198,接縣道114線
002,桃縣新北市界,0.089,,004,板橋,5.399,終點，長鏈0.031公里，接省道台3線
,,,,,,,
,,,,,,,
縣道117線 埔和－內湖 里程表,,,,,,,
項次,地名,里程_單位公里,備註,項次,地名,里程_單位公里,備註
001,新豐埔和,0,起點，接省道台15線,009,竹竹縣市界,23,竹竹縣市界
002,湖口鄉公所,7.35,,010,新竹科園交流道,23.35,接省道台68線
003,老湖口,10.395,接省道台1線，3-4與省道台1線共線,,,,
,,,,011,新竹公園,25.4,接縣道122線，11-12與縣道122線共線
004,老湖口,11.065,接省道台1線,,,,
005,鳳山崎,15.275,接鄉道竹5線,012,新竹公園,27.8,接縣道122線
006,下枋寮,18.34,接鄉道竹14線,013,茄苳交流道,35.85,接國道3號
007,犁頭山下,19.71,接縣道118線,014,香山內湖,42.407,終點，接省道台1線
008,六家,21.31,接縣道120線,,,,
,,,,,,,
,,,,,,,
縣道118線 舊港－羅浮 里程表,,,,,,,
項次,地名,里程_單位公里,備註,項次,地名,里程_單位公里,備註
001,舊港,0,起點，接鄉道竹73線,006,關西,25.831,接省道台3線
,,,,007,竹桃縣界,38.6,
002,竹北,5.265,接省道台1線,008,奎輝國小,51.321,
003,犁頭山下,9.2,接縣道118線,009,復興羅浮,61.85,終點，接省道台7線
004,新埔,13.064,接縣道115線,,,,
005,關西交流道,23.2,接國道3號,,,,
,,,,,,,
,,,,,,,
縣道119線 龍港－內草湖 里程表,,,,,,,
項次,地名,里程_單位公里,備註,項次,地名,里程_單位公里,備註
001,後龍龍港,0,起點，接省道台6線,006,銅鑼,17.417,接省道台13線
002,西湖,6.036,接省道台1線,007,老雞隆,21.594,興隆國小前
003,西湖,9.628,接鄉道苗28線,008,新雞隆,25.946,新隆國小前
004,五湖,12.915,接鄉道苗34線,009,三義內草湖,30.731,終點，短鏈0.096公里，接縣道130線
005,銅鑼,15.04,接省道台13線，5-6與省道台13線共線,,,,
,,,,,,,
,,,,,,,
,,,,,,,
縣道119甲線 尖山－龍泉 里程表,,,,,,,
項次,地名,里程_單位公里,備註,項次,地名,里程_單位公里,備註
001,公館尖山,0,起點，接鄉道苗26-2線,004,銅鑼龍泉,9.303,終點，長鏈0.024公里，接縣道119線
002,公館,6.6,接省道台6線,,,,
003,石圍牆,8.8,與省道台72線平面交叉,,,,
,,,,,,,
,,,,,,,
縣道120線 下斗崙－巴陵 里程表,,,,,,,
項次,地名,里程_單位公里,備註,項次,地名,里程_單位公里,備註
001,竹北下斗崙,0,起點，接省道台1線,007,大肚,21.281,接省道台3線
002,六家,3.05,接縣道117線,008,內灣火車站,25.36,
003,芎林,10.382,接縣道115線,009,尖石,28.42,接鄉道竹60線
004,竹林交流道,11.38,接國道3號,010,嘉新,32.5,
005,石壁潭,12.916,接縣道123線,011,八五山,39.658,煤源五號橋
006,橫山,18.462,接省道台3線，6-7與省道台3線共線,012,尖石八五山橋,40.736,通車終點，八五山橋至巴陵未闢建
,,,,,,,
,,,,,,,
,,,,,,,
縣道121線 通霄－日南 里程表,,,,,,,
項次,地名,里程_單位公里,備註,項次,地名,里程_單位公里,備註
001,通霄,0,起點,006,山腳,16.484,接縣道130線
002,通霄,1.162,接省道台1線,007,山柑,19.816,接縣道140線
003,南和國小,7.278,,008,山柑,20.111,苗中縣界
004,福興,9.12,接鄉道苗48線,009,日南,21.909,接鄉道中6線
005,水柳坡,14.703,接鄉道苗42線,010,大甲日南,22.55,終點，短鏈0.191公里，接省道台1線
,,,,,,,
,,,,,,,
縣道122線 南寮－環山 里程表,,,,,,,
項次,地名,里程_單位公里,備註,項次,地名,里程_單位公里,備註
001,新竹南寮,0,起點，西行可接省道台15線,008,上坪,30.938,接鄉道竹35線
,,,,009,五峰鄉公所,36.7,
002,新竹,4.75,接省道台1線,010,茅埔,40.5,
003,新竹交流道,9.7,接國道1號,011,桃山,45,
004,竹竹市縣界,11.939,,012,清泉,47,
005,二重埔,15.384,接鄉道竹46線,013,五峰土場,51.605,終點，接大鹿林道可至觀霧
006,竹東,19.853,接縣道123線,,,,
007,下公館,22.353,接省道台3線,,,,
,,,,,,,
,,,,,,,
縣道123線 下山橋－竹東 里程表,,,,,,,
項次,地名,里程_單位公里,備註,項次,地名,里程_單位公里,備註
001,芎林山下,0,起點，接縣道120線,003,石碧潭,6.44,接縣道123線
002,芎林,2.3,接縣道115線,004,竹東,7.933,終點，長鏈0.413公里，接縣道122線
,,,,,,,
,,,,,,,
縣道124線 竹南－獅潭 里程表,,,,,,,
項次,地名,里程_單位公里,備註,項次,地名,里程_單位公里,備註
001,竹南海口,0,起點,008,三灣,15.646,接省道台3線
002,竹南,1.55,接省道台13甲線,009,北灣,20.576,
003,竹南,2.701,接省道台13線,010,田美派出所,23.311,
004,頭份,4.399,接省道台1線,011,南庄,28.031,接鄉道苗21線
005,頭份國小,5.573,,012,蓬萊派出所,35.193,
006,斗煥坪,9.284,派出所前,013,仙山,47.704,
007,珊珠湖,11.472,接省道台3線，6-7與省道台3線共線,014,獅潭,49.12,終點，短鏈1.071公里，接省道台3線
,,,,,,,
,,,,,,,
,,,,,,,
縣道124甲線 頭份－斗煥坪 里程表,,,,,,,
項次,地名,里程_單位公里,備註,項次,地名,里程_單位公里,備註
001,頭份,0,起點，接省道台1線,003,頭份斗煥坪,1.657,終點，長鏈0.031公里，接縣道124線
002,頭份交流道,0.65,接國道1號,,,,
,,,,,,,
,,,,,,,
縣道125線 大雅－成功 里程表,,,,,,,
項次,地名,里程_單位公里,備註,項次,地名,里程_單位公里,備註
001,大雅,0,起點，接省道台1乙線,005,學田,12.426,
002,下橫山,2.708,,006,烏日,14.017,與國道1號立體交叉
003,西屯,6.573,接省道台12線,007,烏日,14.271,與台鐵交叉
004,南屯,9.476,接縣道136線,008,烏日成功,14.494,終點，短鏈0.038公里，接省道台1乙線
,,,,,,,
,,,,,,,
縣道126線 外埔－永興 里程表,,,,,,,
項次,地名,里程_單位公里,備註,項次,地名,里程_單位公里,備註
001,後龍外埔,0,起點，接縣道120線,007,二張犁,11.018,接省道台13甲線
002,外埔,0.875,接鄉道苗11線,008,頭屋,15.731,接省道台13線，8-9與省道台13線共線
003,水尾,4.27,與省道台61線平交,,,,
004,後龍,7.087,接省道台1線,009,明德,19.061,接省道台13線
005,柳樹灣,9.563,接鄉道苗13線,010,明德水庫,22.15,
006,豐富火車站,10.45,,011,獅潭永興,30.092,終點，長鏈0.188公里，接省道台3線
,,,,,,,
,,,,,,,
縣道127線 大雅－霧峰 里程表,,,,,,,
項次,地名,里程_單位公里,備註,項次,地名,里程_單位公里,備註
001,大雅,0,起點，接省道台1乙線,006,烏日,13.572,接省道台1乙線
002,橫山,1.129,接鄉道中76線,007,喀里,20.1,接國道3號烏日交流道連絡道
003,朝馬,5.623,接省道台12線,,,,
004,南屯,8.882,接縣道136線,008,四德厝,21.55,與省道台63線立體交叉，可接國道3號中投交流道
005,烏日,13.29,接省道台1乙線，5-6與省道台1乙線共線,,,,
,,,,009,霧峰,25.045,終點，長鏈0.033公里，接省道台3線
,,,,,,,
,,,,,,,
縣道128線 通霄－公館 里程表,,,,,,,
項次,地名,里程_單位公里,備註,項次,地名,里程_單位公里,備註
001,通霄火車站,0,起點，接通霄鎮中山路,007,銅鑼,14.549,接省道台13線，7-8與省道台13線共線
002,通霄,0.29,接縣道121線,,,,
003,番社,1.9,接省道台1線,008,銅鑼,14.838,接省道台13線
004,番社,2.098,接鄉道苗37線,009,銅鑼交流道,16.76,接省道台72線
005,通霄交流道,3.35,接國道3號,010,公館,21.05,終點，接省道台6線
006,烏眉坑,5.963,接鄉道苗34線,,,,
,,,,,,,
,,,,,,,
縣道129線 土牛－霧峰 里程表,,,,,,,
項次,地名,里程_單位公里,備註,項次,地名,里程_單位公里,備註
001,石岡土牛,0,起點，接省道台3線,006,坪林,22.713,接鄉道中12線
002,新社,3.54,,007,山腳,24.728,接縣道136線，7-8與縣道136線共線
003,中興嶺,9.237,,,,,
004,大坑,17.305,,008,山腳,25.383,接縣道136線
005,弘仁中學,20.927,,009,大里塗城,34.261,終點，短鏈0.295公里，接省道台3線
,,,,,,,
,,,,,,,
縣道130線 苑裡－八份 里程表,,,,,,,
項次,地名,里程_單位公里,備註,項次,地名,里程_單位公里,備註
001,苑裡,0,起點，經市區道路可接省道台1線,005,水美,15.082,接省道台13線，5-6與省道台13線共線
,,,,,,,
002,山腳,4.413,接縣道121線，2-3與縣道121線共線,006,三義,16.594,接省道台13線
,,,,007,雙連潭,17.036,
003,山腳,4.921,接縣道121線,008,羌麻園,27.219,
004,蕉埔國小,7.951,,009,大湖八份,31.273,終點，長鏈0.147公里，接省道台3線
,,,,,,,
,,,,,,,
縣道131線 埔里－初鄉 里程表,,,,,,,
項次,地名,里程_單位公里,備註,項次,地名,里程_單位公里,備註
001,埔里,0,起點，經市區道路可接省道台14線,008,大林橋,11.13,
,,,,009,魚池派出所,13.017,接省道台21線，9-10與省道台21線共線
002,中正橋,1.205,,,,,
003,臥龍隧道,3.79,,010,魚池加油站,14.127,接省道台21線
004,牛洞隧道,4.818,,011,五城派出所,20.368,
005,共和國小,5.837,接鄉道投69-1線,012,車坪崙,22.387,接縣道147線
006,農場改良場,7.399,,013,水里,33.642,接省道台16線
007,東光橋,9.905,,014,鹿谷初鄉,49.3,終點，短鏈0.201公里，接縣道151線
,,,,,,,
,,,,,,,
,,,,,,,
縣道132線 大安港－后里 里程表,,,,,,,
項次,地名,里程_單位公里,備註,項次,地名,里程_單位公里,備註
001,大安港,0,起點,006,月眉,15.673,接縣道132甲線
002,大安港,0.45,與省道台61線平交,007,后里交流道,16.568,接國道1號
003,大甲,4.973,接省道台1線,008,下后里,18.188,接縣道132甲線
004,大甲東,9.24,接鄉道中26線,009,后里,18.825,接省道台13線
005,大甲交流道,9.69,接國道3號,010,后里火車站,19.879,終點，短鏈0.104公里
,,,,,,,
,,,,,,,
縣道132甲線 月眉－下后里 里程表,,,,,,,
項次,地名,里程_單位公里,備註,項次,地名,里程_單位公里,備註
001,后里月眉,0,起點,003,后里區公所,2.047,
002,月眉,0.933,與國道1號立體交叉,004,下后里,3.635,終點，長鏈0.349公里，接縣道132線
,,,,,,,
,,,,,,,
縣道133線 葉厝－柑子林 里程表,,,,,,,
項次,地名,里程_單位公里,備註,項次,地名,里程_單位公里,備註
001,國姓葉厝,0,起點，接省道台21線,005,竹坑橋,5.195,
002,長順橋,1.59,,006,國姓橋,5.903,
003,福興橋,2.619,,007,國姓柑子林,6.26,終點，長鏈0.092公里，接省道台14線
004,國姓鄉公所,4.086,接鄉道投82線,,,,
,,,,,,,
,,,,,,,
縣道134線 伸港－彰化 里程表,,,,,,,
項次,地名,里程_單位公里,備註,項次,地名,里程_單位公里,備註
001,伸港,0,起點，接省道台17線,004,過溝子,11.675,
002,和美鎮公所,6.3,接縣道135線,005,彰化市區,12.653,終點，長鏈0.017公里，接省道台19線
003,彰化金馬路,11.18,接省道台1丙線,,,,
,,,,,,,
,,,,,,,
縣道134甲線 打鐵山－莿桐腳 里程表,,,,,,,
項次,地名,里程_單位公里,備註,項次,地名,里程_單位公里,備註
001,和美打鐵山,0,起點，接縣道134線,003,磚磘庄,2.52,接縣道139甲線
002,嘉犁莊,1.405,接縣道138線,004,彰化莿桐腳,4.422,終點，長鏈0.018公里，接省道台19線
,,,,,,,
,,,,,,,
縣道135線 和美－溪湖 里程表,,,,,,,
項次,地名,里程_單位公里,備註,項次,地名,里程_單位公里,備註
001,和美,0,起點,005,埔鹽分駐所,15.914,
002,頂番婆,3.516,接縣道139甲線,006,溪湖鄉公所,21.354,接縣道146線
003,鹿港國中,9.765,接縣道142線,007,溪湖,21.742,終點，短鏈0.081公里，接縣道148線
004,西勢國小,10.888,,,,,
,,,,,,,
,,,,,,,
縣道135甲線 盧厝－鹿島橋 里程表,,,,,,,
項次,地名,里程_單位公里,備註,項次,地名,里程_單位公里,備註
001,埔鹽盧厝,0,起點，接縣道135線,007,外四塊厝,9.35,
002,外崙仔腳,2.073,,008,外四塊厝,10.548,接縣道148線，8-9與縣道148線共線
003,埔心子,3.022,,,,,
004,石牌腳,4.775,,009,溪湖橋,10.98,接縣道148線
005,蕃薯庄,5.933,,010,溪湖鹿島橋,15.081,終點，長鏈0.125公里，接省道台19線
006,朴鼎金,8.407,,,,,
,,,,,,,
,,,,,,,
縣道136線 龍井－龜溝 里程表,,,,,,,
項次,地名,里程_單位公里,備註,項次,地名,里程_單位公里,備註
001,台中港,0,舊起點,014,山腳,30.198,接縣道129線
002,龍井後壁崙,9,起點，可接國道3號龍井交流道及省道台12線,015,蝙蝠洞,37.296,
,,,,016,鹿食水,48.499,臺中市南投縣界
003,蔗部,11.14,接中75線,017,清景橋,49.97,
004,井子頭,11.949,,018,清峰橋,50.473,
005,知高庄,15.988,接縣道125線,019,平和橋,52.572,
006,南屯交流道,16.2,接國道1號,020,乾坤橋,53.257,
007,知高庄,16.872,接省道台74線南屯二交流道,021,和平橋,53.417,
,,,,022,信義橋,53.795,
008,南屯,18.553,接縣道127線,023,仁愛橋,54.306,
009,南區,22.003,接省道台1乙線,024,忠孝橋,54.656,
010,南區,22.91,接林森路,025,乾峰橋,56.807,
011,東區,26.417,接省道台3線,026,國姓龜溝,57.391,終點，長鏈7.371公里，接省道台14線
012,公館崎,27.917,,,,,
013,太平,28.689,,,,,
,,,,,,,
,,,,,,,
縣道137線 彰化－源泉 里程表,,,,,,,
項次,地名,里程_單位公里,備註,項次,地名,里程_單位公里,備註
001,彰化大埔,0,起點，接省道台1線,011,北東山,12.189,鄉鎮界
002,靜山,1.898,,012,東山,14.418,接縣道148線，12-13與縣道148線共線
003,白沙坑,2.906,,,,,
004,赤塗崎,4.82,,013,東山,14.586,接縣道148線
005,赤塗崎,5.95,接縣道144線,014,林厝交流道,16.928,接省道台76線
006,後菜園,6.25,接省道台74甲線,015,湳雅郵局,19.839,
007,三家春,8.098,,016,埤斗,23.859,清水岩
008,埤子頭,8.971,鄉界,017,內彎,27.529,接縣道150線
009,犁頭厝,10.132,接縣道146線,018,二水火車站,32.25,
010,黃厝,11.923,,019,二水源泉,34.159,終點，長鏈0.048公里，接縣道152線
,,,,,,,
,,,,,,,
縣道138線 海邊－彰化 里程表,,,,,,,
項次,地名,里程_單位公里,備註,項次,地名,里程_單位公里,備註
001,彰濱工業區,0,起點,005,山寮,6.668,鄉鎮界
002,口厝,1.05,與省道台61線平交,006,和美國小,8.265,
003,線西,3.15,接省道台17線,007,中權庄,13.043,鎮市界
004,線西鄉公所,4.924,,008,彰化中權庄,13.44,終點，長鏈0.044公里，接縣道134線
,,,,,,,
,,,,,,,
縣道138甲線 口厝－和美 里程表,,,,,,,
項次,地名,里程_單位公里,備註,項次,地名,里程_單位公里,備註
001,線西口厝,0,起點，接縣道138線,004,頂犁,4.723,鄉鎮界
002,口厝,1.986,接省道台17線,005,和美,5.362,終點，長鏈0.728公里，接縣道134線
003,線西,2.942,接縣道138線,,,,
,,,,,,,
,,,,,,,
縣道139線 新港－瑞田 里程表,,,,,,,
項次,地名,里程_單位公里,備註,項次,地名,里程_單位公里,備註
001,伸港新港,0,起點，接省道台17線,011,舊崩崁,23.426,接鄉道彰68線
002,全興工業區,2.442,,012,下樟空,29.292,接縣道148線
003,塗厝,4.34,接縣道139甲線,013,彰投縣界,32.36,
004,竹圍子,8.245,,014,橫山,39.16,接縣道139乙線
005,彰化金馬路,10.47,接省道台1丙線,015,南投消防隊,43.825,接省道台3線
006,彰化彰美路,10.978,接縣道134線,016,南投民族路,44.383,接省道台3甲線
007,彰化市公所,12.002,接省道台1線,017,興農超市,45.129,接省道台14乙線
008,自來水公司,13.002,,018,中寮,54.068,接鄉道投17線
009,草子埔,16.852,,019,集集,62.775,接鄉道投27線
010,頂草子埔,17.9,接省道台74甲線,020,鹿谷瑞田,66.675,終點，長鏈0.272公里，接縣道131線
,,,,,,,
,,,,,,,
縣道139甲線 塗厝－彰化 里程表,,,,,,,
項次,地名,里程_單位公里,備註,項次,地名,里程_單位公里,備註
001,和美塗厝,0,起點，接縣道139線,006,頂番婆,9.6,接縣道135線
002,和美國中,3.322,,007,港墘,10.768,鎮界
003,公館,4.724,鄉鎮界,008,鎮平庄,13.75,鎮市界
004,下犁,5.33,接鄉道彰26線,009,西勢庄,15.35,接省道台1丙線
005,中庄,6.59,鄉鎮界,010,彰化西勢庄,15.811,終點，長鏈0.277公里，接省道台19線(中華西路)
,,,,,,,
,,,,,,,
,,,,,,,
縣道139乙線 橫山－名間 里程表,,,,,,,
項次,地名,里程_單位公里,備註,項次,地名,里程_單位公里,備註
001,南投市橫山,0,起點，接縣道139線,003,赤水派出所,6.489,接縣道150線
002,赤水,5.949,接縣道150線，2-3與縣道150線共線,004,名間,16.524,終點，長鏈0.019公里，接省道台3線(名松路)
,,,,,,,
,,,,,,,
,,,,,,,
縣道140線 南房－卓蘭 里程表,,,,,,,
項次,地名,里程_單位公里,備註,項次,地名,里程_單位公里,備註
001,苑裡南房,0,起點，與省道台61線平交,005,玉田,11.422,接鄉道苗47線
002,山柑尾,1.334,接省道台1線,006,玉田,11.435,接鄉道苗6線
003,苑裡交流道,5.45,接國道3號,007,卓蘭,34.748,終點
004,山柑,6.003,接縣道121線,,,,
,,,,,,,
,,,,,,,
縣道141線 員林－林內 里程表,,,,,,,
項次,地名,里程_單位公里,備註,項次,地名,里程_單位公里,備註
001,員林,0,起點，接省道台1線,006,二水,18.782,接縣道152線，5-6與縣道152線共線
002,員林,1.774,接縣道148線,,,,
003,員林,3.05,接省道台76線橋下平面道路,007,二水,19.235,接縣道152線
,,,,008,彰雲大橋,23.859,彰雲縣界
004,社頭,8.885,,009,林內,25.064,終點，長鏈0.501公里，接省道台3線
005,田中,13.937,接縣道150線,,,,
,,,,,,,
,,,,,,,
縣道142線 鹿港－莿桐腳 里程表,,,,,,,
項次,地名,里程_單位公里,備註,項次,地名,里程_單位公里,備註
001,鹿港,0,起點，接縣道135線,004,莿桐派出所,9.785,接縣道134甲線
002,福興鄉公所,1.52,,005,彰化頂莿桐腳,9.863,終點，短鏈0.085公里，接省道台19線(彰水路)
003,馬鳴派出所,7.8,,,,,
,,,,,,,
,,,,,,,
縣道143線 漢寶－大城 里程表,,,,,,,
項次,地名,里程_單位公里,備註,項次,地名,里程_單位公里,備註
001,芳苑漢寶,0,起點，接省道台17線,006,二林分局,15.271,
002,建新國小,3.869,接鄉道彰119線,007,魚寮,19.137,
003,草湖,6.69,接縣道148線,008,大城,20.639,接縣道152線
004,舊趙甲橋,9.405,,009,大城下山腳,22.593,終點，短鏈0.997公里
005,二林,13.692,接縣道150線,,,,
,,,,,,,
,,,,,,,
縣道143甲線 金瓜寮－竹塘 里程表,,,,,,,
項次,地名,里程_單位公里,備註,項次,地名,里程_單位公里,備註
001,二林金瓜寮,0,起點，接縣道150線,004,竹塘鄉公所,6.369,
002,興華里,1.318,,005,竹塘,6.757,終點，短鏈0.051公里，接省道台19線
003,民靖村,2.934,,,,,
,,,,,,,
,,,,,,,
縣道144線 福興－林厝 里程表,,,,,,,
項次,地名,里程_單位公里,備註,項次,地名,里程_單位公里,備註
001,福興交流道,0,起點，接省道台61線,010,油車店橋,20.6,接鄉道彰52線
002,二鹿橋,1.12,接省道台17線,011,柳溝橋,21.31,接縣道148線
003,福鹿橋,3.11,接縣道135線,012,徑口橋,22.145,接鄉道彰85線
004,福安,5.415,接縣道144甲線,013,功垂橋,22.82,接省道台1線
005,瓦窯,9.39,接鄉道彰45線,014,田中央,23.53,縱貫鐵路平交道
006,福興工業區,10.795,接省道台19線,015,火燒莊,24.255,接縣道141線
007,梧鳳,16.21,接縣道146線,016,大饒,26.125,接鄉道彰80線
008,埤霞,17.765,接鄉道彰53-1線,017,林厝交流道,26.46,接省道台76線
009,油車橋,19.31,接鄉道彰61線,018,員林林厝,27.1,終點，接縣道137線
,,,,,,,
,,,,,,,
縣道144甲線 福安－後菜園 里程表,,,,,,,
項次,地名,里程_單位公里,備註,項次,地名,里程_單位公里,備註
001,福興福安,0,起點，接縣道144線,006,圳仔岸,8.02,接鄉道彰55線
002,番社,1.251,接鄉道彰35-1線,007,茄苳林,9.387,接鄉道彰59線
003,外中,3.055,接鄉道彰45線,008,番仔屯,10.274,接鄉道彰56線
004,福興工業區,4.814,接省道台19線,009,茄苳腳,10.774,接省道台1線
005,大崙尾,5.872,接鄉道彰51線,010,花壇後菜園,11.964,終點，接縣道137線
,,,,,,,
,,,,,,,
縣道145線 埤頭－新街 里程表,,,,,,,
項次,地名,里程_單位公里,備註,項次,地名,里程_單位公里,備註
001,埤頭,0,起點，接縣道150線,010,虎尾交流道,25.28,接省道台78線
002,路口厝,4.48,接縣道152線,011,下湳子,26.729,接縣道158甲線，11-12與縣道158甲線共線
003,水尾,6.798,接鄉道彰106線,,,,
004,彰雲縣界,9.068,西螺大橋南端,012,土庫,27.973,接縣道158甲線
005,西螺,9.35,接縣道154線,013,無底潭,33.517,接縣道160線
006,吳厝,17.226,接縣道156線,014,客子厝,37.245,接鄉道雲172線
007,埒內,20.993,,015,北港新街,44.188,終點，長鏈0.247公里，接省道台19線
008,中正國小,21.65,接縣道158線,,,,
009,虎尾,22.472,接鄉道雲92線,,,,
,,,,,,,
,,,,,,,
縣道145甲線 土庫－中庄 里程表,,,,,,,
項次,地名,里程_單位公里,備註,項次,地名,里程_單位公里,備註
001,土庫,0,起點，接縣道145線,003,崙子,10.856,接鄉道嘉86線
002,鹿寮,3.65,接鄉道雲86線,004,新港中庄,13.084,終點，長鏈0.129公里，接縣道157線
,,,,,,,
,,,,,,,
,,,,,,,
縣道146線 溪湖－犁頭厝 里程表,,,,,,,
項次,地名,里程_單位公里,備註,項次,地名,里程_單位公里,備註
001,溪湖,0,起點，接省道台19線及縣道135線,005,新興,6.15,鄉鎮界
,,,,006,貢旗,6.871,接鄉道彰44線
002,梧鳳,3.421,鄉鎮界,007,大村鄉公所,8.931,
003,梧鳳,3.6,,008,大村國小,10.767,接省道台1線
004,埔心交流道,3.9,接省道台76線,009,大村犁頭厝,12.768,終點，長鏈0.175公里，接縣道137線
,,,,,,,
,,,,,,,
縣道147線 北山坑－車坪崙 里程表,,,,,,,
項次,地名,里程_單位公里,備註,項次,地名,里程_單位公里,備註
001,國姓北山坑,0,起點，接省道台14線,005,南港國小,4.255,
002,南港派出所,0.221,,006,港源一號橋,6.549,
003,三民橋,2.521,,007,三合橋,9.479,
004,南港二號橋,3.516,,008,魚池車坪崙,14.23,終點，短鏈0.058公里，接縣道131線
,,,,,,,
,,,,,,,
縣道148線 王功－草屯 里程表,,,,,,,
項次,地名,里程_單位公里,備註,項次,地名,里程_單位公里,備註
001,芳苑王功,0,起點,012,員林,24.838,接縣道141線
002,王功,0.65,接省道台17線,013,東山,27.853,接縣道137線，13-14與縣道137線共線
003,草湖,4.427,接縣道143線,,,,
004,萬興國小,8.45,,014,東山,28.015,接縣道137線
005,挖子,10.427,接鄉道彰129線,015,下樟空,31.501,接縣道139線
006,溪湖,14.758,接省道台19線,016,溪頭,35.884,接省道台14丁線
007,員林交流道,17.45,接國道1號,017,月眉厝,36.767,接省道台14乙線
008,舊館,19.47,,018,草屯成功路,39.664,接省道台3線
009,埔心鄉公所,21.11,,019,草屯,39.849,終點，長鏈0.416公里，接省道台3甲線
010,埔心交流道,22.05,接省道台76線,,,,
011,員林,24.132,接省道台1線,,,,
,,,,,,,
,,,,,,,
縣道149線 竹山－梅山 里程表,,,,,,,
項次,地名,里程_單位公里,備註,項次,地名,里程_單位公里,備註
001,竹山市區,0,起點，接省道台3線,007,樟湖,21.574,
002,過溪,3.532,接鄉道投53線、投51線,008,石橋,23.09,接縣道149甲線
003,瑞竹,10.33,接鄉道投53線、投52線,009,桃源,31.892,
004,桶頭,14.065,接縣道158甲線,010,華山,32.819,
005,內寮,15.182,接縣道149乙線,011,華南,38.861,
006,大丘園,19..334,投雲縣界，接縣道149甲線,012,梅山市區,40.336,終點，長鏈0.174公里，接省道台3線
,,,,,,,
,,,,,,,
縣道149甲線 斗六－太和 里程表,,,,,,,
項次,地名,里程_單位公里,備註,項次,地名,里程_單位公里,備註
001,斗六市區,0,起點，接省道台3線,009,草嶺終點,39.706,
002,東和,3.911,接鄉道雲201線,010,鹿窟一號橋,41.706,
003,荷苞厝,5.736,接鄉道雲200線,011,雲嘉隧道,44.263,
004,割菜園,13.883,雲投縣界，接縣道158甲線,012,全仔社橋,45.162,雲嘉縣界
005,大丘園,17.797,投雲縣界，接縣道149線，5-6與縣道149線共線,013,大里網橋,47.582,
,,,,014,來吉大橋,50.957,
006,石橋,21.628,接縣道149線,015,梅山太和,56.656,終點，長鏈2.858公里，接縣道169線
007,外湖,31.381,接縣道149乙線,,,,
008,草嶺街道,38.208,,,,,
,,,,,,,
,,,,,,,
縣道149乙線 內寮－外湖 里程表,,,,,,,
項次,地名,里程_單位公里,備註,項次,地名,里程_單位公里,備註
001,竹山內寮,0,起點，接縣道149線,003,古坑外湖,9.155,終點，長鏈0.286公里，接縣道149甲線
002,下寮,5.202,投雲縣界,,,,
,,,,,,,
,,,,,,,
縣道150線 芳苑－南投 里程表,,,,,,,
項次,地名,里程_單位公里,備註,項次,地名,里程_單位公里,備註
001,芳苑市區,0,起點,010,田中,30.673,接縣道141線
002,芳苑市區,0.85,接省道台17線,011,內彎,31.209,接縣道137線
003,二林市區,6.265,接縣道143線,012,赤水,34.914,接縣道139乙線及鄉道投23線，12-13與縣道139乙線共線
004,原斗國小,12.1,接鄉道彰127線,,,,
005,埤頭市區,15.462,接縣道145線,,,,
006,埤頭,17.05,接省道台19線,013,赤水,35.454,接縣道139乙線
007,北斗交流道,18.91,接國道1號,014,南投市區,43.577,終點，短鏈0.149公里，接省道台3線、台14乙線
008,中寮,21.423,,,,,
009,北斗市區,21.687,接省道台1線,,,,
,,,,,,,
,,,,,,,
縣道151線 延平－阿里山 里程表,,,,,,,
項次,地名,里程_單位公里,備註,項次,地名,里程_單位公里,備註
001,竹山延平,0,起點，接省道台3線,005,廣興,9.115,接鄉道投55-1線
002,保甲,0.855,接縣道151甲線,006,內湖,12.106,接鄉道投55-2線
003,初鄉,4.72,接縣道131線,007,鹿谷溪頭,19.04,終點，長鏈0.213公里，溪頭-阿里山未通
004,鹿谷市區,7.663,接鄉道投56線,,,,
,,,,,,,
,,,,,,,
縣道151甲線 延平－保甲 里程表,,,,,,,
項次,地名,里程_單位公里,備註,項次,地名,里程_單位公里,備註
001,竹山延平,0,起點，接省道台3線,002,竹山保甲,1.095,終點，短鏈0.021公里，接縣道151線
,,,,,,,
,,,,,,,
縣道152線 公館－林尾 里程表,,,,,,,
項次,地名,里程_單位公里,備註,項次,地名,里程_單位公里,備註
001,大城西港,0,起點,010,二水市區,36.509,接縣道141線，10-11與縣道141線共線
002,公館,0.55,接省道台61線及台17線,,,,
003,大城市區,3.35,接縣道143線,011,二水,36.962,接縣道141線
004,永安派出所,6.792,,012,源泉,38.939,接縣道137線
005,長安國小,7.163,接鄉道彰171線,013,名間市區,48.239,接省道台3線，13-14與省道台3線共線
006,竹塘市區,11.894,接省道台19線、縣道143甲線,,,,
,,,,014,名間市區,48.918,接省道台3線、台16線，14-15與省道台16線共線
007,路口厝,15.032,接縣道145線,,,,
008,溪州市區,22.639,接省道台1線,015,名間,50.494,接省道台16線
009,陸軍路,25.734,,016,集集林尾,56.276,終點，長鏈0.565公里，接省道台3丙線
,,,,,,,
,,,,,,,
縣道153線 麥寮－好收 里程表,,,,,,,
項次,地名,里程_單位公里,備註,項次,地名,里程_單位公里,備註
001,麥寮市區,0,起點，接省道台17線,005,溪底,11.383,接縣道160線
002,阿坤厝,3.05,接縣道158甲線,006,魚寮,13.101,接鄉道雲166線
003,東勢交流道,7.7,接省道台78線,007,番溝,15.77,接鄉道雲158線
004,東勢市區,8.73,接縣道158線,008,北港好收,18.179,終點，長鏈0.912公里，接縣道155線
,,,,,,,
,,,,,,,
縣道153甲線 後安寮－麥寮 里程表,,,,,,,
項次,地名,里程_單位公里,備註,項次,地名,里程_單位公里,備註
1,後安寮,0,起點，接省道台61線,2,麥寮,6.233,終點，接縣道153線
,,,,,,,
,,,,,,,
,,,,,,,
縣道154線 六輕廠－林內 里程表,,,,,,,
項次,地名,里程_單位公里,備註,項次,地名,里程_單位公里,備註
001,麥寮六輕廠,0,起點,006,埔心,23.042,接縣道154甲線
002,中山,2.701,接鄉道雲1線,007,西螺市區,25.05,接縣道145線
003,橋頭,6.295,接省道台61線、台17線,008,西螺市區,27.601,接省道台1線
004,番社,15.912,接省道台19線，4-5與省道台19線共線,009,饒平,32.619,接縣道156線
,,,,010,林內市區,43.564,終點，長鏈0.564公里，接省道台3線
005,山子門,17.062,接省道台19線,,,,
,,,,,,,
,,,,,,,
縣道154甲線 埔心－崙背 里程表,,,,,,,
項次,地名,里程_單位公里,備註,項次,地名,里程_單位公里,備註
001,西螺埔心,0,起點，接縣道154線,004,來惠橋,7.125,鄉界
002,二崙,2.397,,005,崙背市區,10.538,終點，長鏈0.890公里，接省道台19線
003,二崙市區,4.05,,,,,
,,,,,,,
,,,,,,,
縣道154乙線 饒平－永光 里程表,,,,,,,
項次,地名,里程_單位公里,備註,項次,地名,里程_單位公里,備註
1,饒平,0,起點，接縣道154線,4,古坑,14.876,接縣道158甲線
2,斗六,7,斗六市外環道,5,永光,17.529,終點，接省道台3線
3,斗六,9.12,接省道台3線,,,,
,,,,,,,
,,,,,,,
縣道155線 五條港－北港 里程表,,,,,,,
項次,地名,里程_單位公里,備註,項次,地名,里程_單位公里,備註
001,台西五條港,0,起點，接省道台17線,004,四湖市區,9.772,接縣道160線
002,五條港交流道,0.25,接省道台61線,005,牛桃灣,13.731,
,,,,006,好收,17.772,接縣道153線
003,台西市區,1.955,接縣道158線,007,北港市區,21.839,終點，長鏈0.671公里，接省道台19線
,,,,,,,
,,,,,,,
縣道156線 麥寮－饒平 里程表,,,,,,,
項次,地名,里程_單位公里,備註,項次,地名,里程_單位公里,備註
001,麥寮市區,0,起點，接省道台17線,004,吳厝,18.225,接縣道145線
,,,,005,莿桐市區,27.308,接省道台1線
002,大有橋,5.37,,006,莿桐饒平,31.004,終點，長鏈0.677公里，接線道154線
003,崙背市區,10.536,接省道台19線,,,,
,,,,,,,
,,,,,,,
縣道157線 斗南－過溝 里程表,,,,,,,
項次,地名,里程_單位公里,備註,項次,地名,里程_單位公里,備註
001,斗南,0,起點，接省道台1線,008,蒜頭,29.792,接鄉道嘉57線
002,大埤市區,5.227,接鄉道雲178線,009,朴子,35.693,接省道台19線及縣道168線，9-10與縣道168線共線
003,雲嘉縣界,8.664,,,,,
004,溪口市區,11.286,接縣道162線,,,,
005,中莊,16.85,接縣道145甲線,010,港墘,39.22,接縣道168線
006,新港市區,19.726,接縣道164線,011,栗子崙,43.545,接縣道170線
007,安和,25.955,接縣道166線,012,布袋過溝,45.632,終點，長鏈0.968公里，接省道台17線
,,,,,,,
,,,,,,,
縣道158線 海口－石榴班 里程表,,,,,,,
項次,地名,里程_單位公里,備註,項次,地名,里程_單位公里,備註
001,台西海口,0,起點，接省道台17線,007,廉使,26.058,
002,台西市區,0.981,接縣道155線,008,虎尾市區,27.766,接縣道145線
003,東勢市區,7.637,接縣道153線,009,小東,31.907,接縣道158乙線
004,褒忠市區,14.253,,010,斗南交流道,32.85,接國道1號
005,褒忠,15.35,接省道台19線,011,斗南石榴班,33.67,終點，長鏈0.714公里，接省道台1線
006,馬光,18.71,接縣道158甲線,,,,
,,,,,,,
,,,,,,,
縣道158甲線 崙子頂－桶頭 里程表,,,,,,,
項次,地名,里程_單位公里,備註,項次,地名,里程_單位公里,備註
001,台西崙子頂,0,起點，接省道台17線,006,古坑市區,38.339,
002,龍岩,11.369,接省道台19線,007,大埔,42.439,
003,馬光,15.047,接縣道158線,008,割菜園,47.097,接縣道149甲線
004,土庫市區,19.935,接縣道145線,009,竹山桶頭,52.695,終點，長鏈0.001公里，接縣道149線
005,斗南市區,28.638,接縣道158乙線,,,,
,,,,,,,
,,,,,,,
縣道158乙線 小東－永光 里程表,,,,,,,
項次,地名,里程_單位公里,備註,項次,地名,里程_單位公里,備註
001,斗南小東,0,起點，接縣道158線,004,古坑永光,12.136,終點，長鏈0.628公里，接省道台3線
002,斗南市區,1.55,接省道台1線,,,,
003,斗南市區,2.463,接縣道158甲線,,,,
,,,,,,,
,,,,,,,
縣道159線 新港－番路 里程表,,,,,,,
項次,地名,里程_單位公里,備註,項次,地名,里程_單位公里,備註
001,新港舊南港,0,起點，接省道台19線,008,崎腳,24.779,嘉嘉市縣界
002,新港市區,4.21,接縣道164線,009,竹崎交流道,25.9,接國道3號
003,月眉潭,8.35,接縣道166線,010,灣橋,27.544,
004,南新,13.255,,011,鹿滿,30.87,接省道台3線
005,水虞厝,13.863,嘉嘉縣市界,012,內埔,34.021,
006,嘉義交流道,14.15,接國道1號,013,番路,37.141,終點，長鏈0.500公里，接縣道159甲線
007,嘉義市區,19.15,接省道台1線,,,,
,,,,,,,
,,,,,,,
縣道159甲線 嘉義－石桌 里程表,,,,,,,
項次,地名,里程_單位公里,備註,項次,地名,里程_單位公里,備註
001,嘉義市區,0,起點，接縣道159線,005,番路,14.23,接縣道159線
002,大宅仔,6.93,嘉嘉市縣界,006,半天岩,18.23,
003,土地公崎,8.245,,007,大湖,24.344,
004,番路市區,12.881,,008,竹崎石桌,46.279,終點，接省道台18線，長鏈0.725公里
,,,,,,,
,,,,,,,
,,,,,,,
縣道160線 三條崙－無底潭 里程表,,,,,,,
項次,地名,里程_單位公里,備註,項次,地名,里程_單位公里,備註
001,四湖三條崙,0,起點,004,溪底,13.744,接縣道153線
002,飛沙,2.693,接省道台61線、台17線,005,元長市區,18.362,接省道台19線
003,四湖市區,8.382,接縣道155線,006,土庫無底潭,22.929,終點， 長鏈0.236公里，接縣道145線
,,,,,,,
,,,,,,,
縣道161線 應菜埔－新岑 里程表,,,,,,,
項次,地名,里程_單位公里,備註,項次,地名,里程_單位公里,備註
001,朴子應菜埔,0,起點，接縣道168線,004,考試潭,9.067,
002,龜子港,3.945,接鄉道嘉15線,005,大寮,13.238,接縣道172線
003,樹林頭,5.569,接縣道170線,006,布袋新岑,16.991,終點，長鏈0.214公里， 接省道台17線
,,,,,,,
,,,,,,,
縣道162線 溪口－梅山 里程表,,,,,,,
項次,地名,里程_單位公里,備註,項次,地名,里程_單位公里,備註
001,溪口市區,0,起點，接縣道157線,005,大林市區,8.9,
002,大林交流道,4.38,接國道1號,006,大埔美,12.64,接鄉道嘉104線
003,下埤頭,5.85,接省道台1線,007,梅山交流道,14.55,接國道3號
004,大林,6.249,接縣道166線,008,梅山梅橋,16.495,終點，長鏈0.334公里，接省道台3線
,,,,,,,
,,,,,,,
,,,,,,,
縣道162甲線 圳頭－太和 里程表,,,,,,,
項次,地名,里程_單位公里,備註,項次,地名,里程_單位公里,備註
1,梅山市區,0,起點，接省道台3線,4,瑞峰,35.367,
2,太平,13.259,,5,瑞里,38.541,接縣道166線
3,堀尺嶺,15.531,,6,梅山太和,47.173,終點，長鏈0.556公里，接縣道169線
,,,,,,,
,,,,,,,
縣道163線 嘉義－好美里 里程表,,,,,,,
項次,地名,里程_單位公里,備註,項次,地名,里程_單位公里,備註
001,嘉義市區,0,起點，接縣道159線,010,義竹,30.582,接省道台19線，10-11與省道台19線共線
002,嘉義市區,2.25,接省道台18線,,,,
003,崎仔頭,4.709,嘉嘉市縣界,011,義竹市區,31.498,接省道台19線
004,水上市區,9.536,接省道台1線，4-5與省道台1線共線,012,過路子,37.746,
,,,,013,新塭,43.419,接省道台17線，13-14與省道台17線共線
005,水上,10.324,接省道台1線,,,,
006,水上交流道,10.874,接省道台82線,014,新塭,43.638,接省道台17線
007,南靖,11.867,接省道台1線,015,新塭,43.8,接省道台61線側車道
008,鹿草市區,20.41,,016,布袋好美里,46.368,終點，長鏈0.376公里
009,竹子腳,22.365,接縣道170線,,,,
,,,,,,,
,,,,,,,
縣道164線 金湖－民雄 里程表,,,,,,,
項次,地名,里程_單位公里,備註,項次,地名,里程_單位公里,備註
001,口湖金湖,0,起點，接省道台61線、台17線,005,新港市區,21.976,接縣道159線
,,,,006,新港市區,22.65,接縣道157線
002,口湖市區,3.583,,007,菁埔,27.431,
003,水林市區,10.147,,008,民雄,30.048,
004,北港市區,16.629,接省道台19線,009,民雄市區,30.789,終點， 接省道台1線
,,,,,,,
,,,,,,,
縣道165線 後庄－官田 里程表,,,,,,,
項次,地名,里程_單位公里,備註,項次,地名,里程_單位公里,備註
001,中埔後庄,0,起點，接省道台18線,010,東山市區,17.032,接鄉道南100線
002,嘉義交流道,2.4,接省道台82線,011,北馬,19.36,
003,中庄,4.442,接縣道168線,012,東河,20.312,接鄉道南102線
004,紅毛寮,5.454,嘉南縣界,013,果毅後,26.971,
005,內角,7.334,接鄉道南86線,014,六甲市區,30.875,接縣道174線
006,埤角,9.128,,015,烏山頭,32.866,接鄉道南116線
007,三間厝,11.14,接鄉道南92線,016,中脇,34.884,接鄉道南119線
008,白河市區,13.3,接縣道172甲線,017,官田,36.908,
009,白河市區,13.68,接縣道172線,018,官田,37.59,終點，長鏈0.483公里，接省道台1線
,,,,,,,
,,,,,,,
縣道166線 東石－瑞里 里程表,,,,,,,
項次,地名,里程_單位公里,備註,項次,地名,里程_單位公里,備註
1,東石市區,0,起點，接縣道168線,10,牛斗山,31.753,接鄉道嘉79線
2,三块厝,2.15,接省道台61線東石一交流道,11,江厝店,33.753,接鄉道嘉76線
,,,,12,頭橋,35.809,接省道台1線
3,三块厝,2.726,接省道台17線,13,竹崎交流道,41.35,接國道3號
4,下輯,6.118,,14,火炭埔,42.476,接鄉道嘉112線
5,古林,8.979,,15,山仔門,43.435,
6,六腳,14.351,接省道台19線,16,竹崎市區,49.153,接省道台3線
7,安和,21.598,接縣道157線,17,塘湖,71.785,接鄉道嘉154線
8,安和,22.65,接省道台37線,18,瑞里,84.357,終點，長鏈3.046公里，接縣道162甲線
9,月眉潭,25.78,接縣道159線,,,,
,,,,,,,
,,,,,,,
縣道167線 朴子－麻魚寮 里程表,,,,,,,
項次,地名,里程_單位公里,備註,項次,地名,里程_單位公里,備註
001,朴子市區,0,起點，接縣道168線,003,鹿草交流道,11.25,接省道台82線
002,鹿草市區,8.909,,004,太保後潭,15.048,終點，長鏈0.156公里，接縣道168線
,,,,,,,
,,,,,,,
縣道168線 東石－中庄 里程表,,,,,,,
項次,地名,里程_單位公里,備註,項次,地名,里程_單位公里,備註
001,東石市區,0,起點，接縣道166線,009,太保,18.8,接省道台37線
002,屯仔頭,1.85,接省道台61線東石一交流道,010,太保市區,19.366,
,,,,011,後潭,20.736,接縣道167線
003,屯仔頭,2.705,接省道台17線,012,水上交流道,23.39,接國道1號
004,港墘,6.904,接縣道157線,013,水上市區,26.79,接省道台1線
005,應菜埔,8.8,接縣道161線,014,水上市區,27.55,接縣道163線
006,朴子市區,9.841,接省道台19線,015,中庄,32.38,接鄉道嘉175線
007,朴子市區,10.45,接縣道167線,016,水上中庄,33.181,終點，長鏈0.468公里，接縣道165線
008,朴子,11.335,接縣道157線,,,,
,,,,,,,
,,,,,,,
縣道169線 豐山－里佳 里程表,,,,,,,
項次,地名,里程_單位公里,備註,項次,地名,里程_單位公里,備註
001,梅山豐山,0,起點,005,石桌,20.416,接省道台18線
002,太和,6.828,接縣道149甲線,006,達邦,33.929,阿里山市區
003,太和,7.38,接縣道162甲線,007,阿里山里佳,51.006,終點，長鏈0.760公里
004,奮起湖,14.146,,,,,
,,,,,,,
,,,,,,,
縣道170線 網寮－竹子腳 里程表,,,,,,,
項次,地名,里程_單位公里,備註,項次,地名,里程_單位公里,備註
001,東石網寮,0,起點,005,樹林頭,7.547,接縣道161線
002,塭仔,1.52,接省道台61線東石二交流道,006,牛桃灣,10.8,接省道台19線
,,,,007,龜佛山,14.399,接鄉道嘉22線
003,塭仔,1.77,接省道台17線,008,鹿草竹子腳,17.133,終點，長鏈0.179公里，接縣道163線
004,栗子崙,4.371,接縣道157線,,,,
,,,,,,,
,,,,,,,
縣道171線 北門－烏山頭 里程表,,,,,,,
項次,地名,里程_單位公里,備註,項次,地名,里程_單位公里,備註
001,北門市區,0,起點,010,麻豆,18.342,接省道台19甲線
002,北門市區,0.6,接省道台17線,011,總爺,20.272,接鄉道南61線
003,西埔內,1.985,接鄉道南9線,012,西庄,22.438,接縣道171甲線、171乙線
004,學甲市區,7.085,接縣道174線,013,西庄,24.52,
005,學甲市區,7.25,接省道台19線,014,渡子頭,26.618,
006,港仔尾,11.423,接鄉道南50線,015,渡子頭,27.842,接省道台1線
007,麻豆,16.37,與國道1號立體交叉,016,官田社子,30.025,接鄉道南119線
008,麻豆市區,17.042,接縣道176線,017,大崎,34.888,
009,麻豆市區,17.992,接縣道173線,018,烏山頭,38.41,終點，長鏈0.141公里，接縣道165線
,,,,,,,
,,,,,,,
縣道171甲線 麻豆－西庄 里程表,,,,,,,
項次,地名,里程_單位公里,備註,項次,地名,里程_單位公里,備註
001,麻豆,0,起點，接省道台19甲線,002,西庄,3.598,終點，接縣道171線
,,,,,,,
,,,,,,,
,,,,,,,
縣道171乙線 西庄－渡頭 里程表,,,,,,,
項次,地名,里程_單位公里,備註,項次,地名,里程_單位公里,備註
001,西庄,0,起點，接縣道171線,002,渡頭,5.312,終點，接省道台1線
,,,,,,,
,,,,,,,
,,,,,,,
縣道172線 布袋－澐水 里程表,,,,,,,
項次,地名,里程_單位公里,備註,項次,地名,里程_單位公里,備註
001,布袋,0,起點，接台61線布袋交流道,011,頂安,26.215,接省道台1線
,,,,012,中寮,28.341,
002,布袋市區,1.301,接省道台17線,013,白河,31.553,接縣道172甲線、縣道165線
003,大寮,3.222,接縣道161線,,,,
004,義竹市區,11.073,縣道163線再接省道台19線，4-6與省道台19線共線,014,白河交流道,34.8,接國道3號
,,,,015,糞箕湖,36.264,
005,義稠,12.401,嘉南縣界,016,白河水庫,38.245,
006,鹽水市區,13.969,接省道台19線及台19甲線，6-7與省道台19甲線共線,017,仙草埔,39.839,
,,,,018,關子嶺,42.957,接縣道175線
007,鹽水市區,14.68,接省道台19甲線,019,三重溪,44.55,南嘉縣界
008,新營交流道,17.13,接國道1號,020,中埔澐水,56.492,終點，長鏈0.506公里，接省道台3線
009,新營市區,20.63,,,,,
010,南安溪寮,22.176,接省道台1線，10-11與省道台1線共線,,,,
,,,,,,,
,,,,,,,
,,,,,,,
縣道172甲線 後壁－白河 里程表,,,,,,,
項次,地名,里程_單位公里,備註,項次,地名,里程_單位公里,備註
001,後壁市區,0,起點，接省道台1線,002,白河市區,5.315,終點，長鏈0.077公里，接縣道172線、縣道165線
,,,,,,,
,,,,,,,
,,,,,,,
縣道172乙線 仙草埔－坪頂 里程表,,,,,,,
項次,地名,里程_單位公里,備註,項次,地名,里程_單位公里,備註
1,仙草埔,0,起點，接縣道172線,3,坪頂,7.601,終點，接縣道175線
2,岩前,0.778,,,,,
,,,,,,,
,,,,,,,
縣道173線 麻豆－九塊厝 里程表,,,,,,,
項次,地名,里程_單位公里,備註,項次,地名,里程_單位公里,備註
001,麻豆市區,0,起點，接縣道171線,005,竹橋國小,13.857,接鄉道南38線
002,謝厝寮,4.886,與國道1號立體交叉,006,康榔,16.293,
003,後營,6.712,接鄉道南45線,007,永吉,17.529,接省道台17線
004,西港市區,9.162,接省道台19線,008,七股九塊厝,22.168,終點，長鏈0.294公里，接省道台61線十份交流道
,,,,,,,
,,,,,,,
縣道173甲線 蘆竹溝－九塊厝 里程表,,,,,,,
項次,地名,里程_單位公里,備註,項次,地名,里程_單位公里,備註
1,蘆竹溝,0,起點，接省道台61線及縣道174線,2,九塊厝,16.579,終點，接省道台61線及縣道173線
,,,,,,,
,,,,,,,
,,,,,,,
縣道174線 蘆竹溝－楠西 里程表,,,,,,,
項次,地名,里程_單位公里,備註,項次,地名,里程_單位公里,備註
001,北門蘆竹溝,0,起點,015,南元農場,32.8,
002,三寮彎,2.033,接鄉道南15線,016,尖山,35.3,
003,溪底寮,4.053,接省道台17線,017,土地崎,36.43,
004,中洲,7.083,接鄉道南1線,018,六甲隧道,40.7,接鄉道南99線
005,學甲市區,9.124,接省道台19線,019,小瑞士,42.5,
006,瓦寮,12.164,,020,姜子寮,43.55,
007,大屯寮,16.188,與國道1號立體交叉,021,龜子山,45.5,
008,下營市區,18.235,接鄉道南67線,022,橫路,46.7,接縣道175線
009,下營市區,19.57,接省道台19甲線,023,烏山,51.1,
010,洲子,22.252,接鄉道南63線,024,楠西隧道,51.25,
011,龜子港,24.123,接省道台1線，11-12與省道台1線共線,025,王萊宅,53.47,
,,,,026,水庫路口,55.2,接鄉道南183線
012,林鳳營,25.695,接省道台1線,027,楠西市區,56.5,終點，長鏈0.142公里，接省道台3線
013,中社,27.433,,,,,
014,六甲市區,30.049,接縣道165線,,,,
,,,,,,,
,,,,,,,
縣道175線 關子嶺－橫路 里程表,,,,,,,
項次,地名,里程_單位公里,備註,項次,地名,里程_單位公里,備註
001,白河關子嶺,0,起點，接縣道172線,004,檳榔宅,13.2,接鄉道南104-2線
002,坪頂,3.9,,005,冷水坑,16.39,
003,南寮,4.9,接鄉道南97線,006,東山橫路,21.172,終點，短鏈0.244公里，接縣道174線
,,,,,,,
,,,,,,,
,,,,,,,
縣道176線 新山子寮－隆田 里程表,,,,,,,
項次,地名,里程_單位公里,備註,項次,地名,里程_單位公里,備註
001,七股新山子寮,0,起點,006,佳里市區,12.57,接省道台19線
,,,,007,子良廟,16.24,接鄉道南47線
002,中寮,2.039,接鄉道南25線,008,麻豆交流道,18.645,接國道1號
003,龍山,3.898,接鄉道南31線,009,麻豆市區,20.183,接省道台19甲線
004,七股市區,6.263,接省道台17線,010,隆田市區,29.192,終點，長鏈0.371公里，接省道台1線
005,大寮,8.763,接鄉道南29線,,,,
,,,,,,,
,,,,,,,
縣道177線 蔦松－歸仁 里程表,,,,,,,
項次,地名,里程_單位公里,備註,項次,地名,里程_單位公里,備註
001,永康蔦松,0,起點，接省道台1線,004,廟後,6.9,接省道台39線
002,永康市區,2.329,接省道台20線,005,媽祖廟,8.894,
003,大灣,5.225,接縣道180線,006,歸仁市區,11.904,終點，長鏈0.170公里，接縣道182線
,,,,,,,
,,,,,,,
縣道178線 十二佃－豐德 里程表,,,,,,,
項次,地名,里程_單位公里,備註,項次,地名,里程_單位公里,備註
001,台南十二佃,0,起點，接省道台17甲線,006,善化市區,17.52,接省道台19甲線
002,公親寮,4.511,,007,小新營,20.4,接省道台1線
003,中崙,5.096,接省道台19線,008,善化交流道,21.6,接國道3號
004,安定市區,10.577,可接國道1號安定交流道連絡道,009,山上市區,25.933,接鄉道南140線
,,,,010,山上豐德,28.135,終點，短鏈0.235公里，接省道台20線
005,安定區公所,11.527,,,,,
,,,,,,,
,,,,,,,
縣道180線 台南－新化 里程表,,,,,,,
項次,地名,里程_單位公里,備註,項次,地名,里程_單位公里,備註
001,台南市區,0,起點，接省道台20線,004,新化市區,11.371,終點，長鏈0.105公里，接省道台20線
002,四分子,2.82,,,,,
003,大灣,6.162,接縣道177線,,,,
,,,,,,,
,,,,,,,
縣道181線 月眉－高樹 里程表,,,,,,,
項次,地名,里程_單位公里,備註,項次,地名,里程_單位公里,備註
001,杉林月眉,0,起點，接省道台21線,005,龜山,15.18,高美橋北端，高屏市縣界
002,美濃,7.8,接鄉道高140線,006,高美橋南端,17.245,
003,中壇,9.44,接省道台28線，3-4與省道台28線共線,007,高樹市區,18,接省道台22線
,,,,008,高樹市區,18.362,終點，短鏈1.390公里，接省道台27線
004,中壇,9.7,接省道台28線,,,,
,,,,,,,
,,,,,,,
縣道182線 台南－中埔 里程表,,,,,,,
項次,地名,里程_單位公里,備註,項次,地名,里程_單位公里,備註
001,台南市區,0,起點，接省道台17甲線,009,關廟市區,14.465,接省道台19甲線，9-10與省道台19甲線共線
002,虎尾寮,4.1,接省道台1線,,,,
003,清風庄,5.144,,010,關廟市區,14.557,接省道台19甲線
004,台南交流道,6.3,接國道1號,011,龍崎市區,19.367,
005,仁德市區,6.517,接鄉道南147線,012,龍船,23.311,
006,林仔頂,8.74,接省道台39線,013,中埔,28.667,南高市界
007,歸仁市區,11.7,接縣道177線,014,內門中埔,34.094,終點，長鏈0.088公里，接省道台3線
008,歸仁交流道,12.75,接省道台86線,,,,
,,,,,,,
,,,,,,,
縣道183線 高市界－五甲 里程表,,,,,,,
項次,地名,里程_單位公里,備註,項次,地名,里程_單位公里,備註
001,楠梓,0,起點，可接國道1號楠梓交流道,006,牛稠埔,9.16,
,,,,007,鳳山市區,11.5,接省道台1線及台25線
002,仁武市區,2.498,,008,七老爺,13.587,
003,灣內,4.876,,009,五甲,15.76,接縣道188線
004,鳥松,7.579,,010,鳳山五甲,18.165,終點，長鏈0.940公里，接省道台17線
005,鳥松市區,8.75,接縣道183乙線,,,,
,,,,,,,
,,,,,,,
縣道183甲線 高市界－第三號橋 里程表,,,,,,,
項次,地名,里程_單位公里,備註,項次,地名,里程_單位公里,備註
001,鳳山市區,0,起點，接縣道183線,003,鳳山頂庄,4.516,終點，長鏈0.036公里
002,鳳山交流道,3.92,接省道台88線,,,,
,,,,,,,
,,,,,,,
縣道183乙線 鳥松－大華村 里程表,,,,,,,
項次,地名,里程_單位公里,備註,項次,地名,里程_單位公里,備註
001,鳥松市區,0,起點，接縣道183線,003,大華,2.5,
002,澄清湖,2.28,,004,鳥松大華,2.747,終點，長鏈0.013公里
,,,,,,,
,,,,,,,
縣道185線 大津－枋寮 里程表,,,,,,,
項次,地名,里程_單位公里,備註,項次,地名,里程_單位公里,備註
001,高樹大津,0,起點，接省道台27線,008,筏灣,35.9,
002,鹿場頂,8.1,接鄉道屏7線,009,泰武,40.25,接鄉道屏102-1線
003,口社,15.6,,010,來義市區,47.7,接鄉道屏110線
004,賽嘉,18.9,,011,海風寮,50.65,
005,廣興,20.75,,012,餉潭,55.8,
006,水門,26.32,接省道台24線,013,內寮,66.5,
007,涼山,28.7,,014,枋寮,69.542,終點，長鏈0.657公里，接省道台1線
,,,,,,,
,,,,,,,
縣道186線 維新－大樹 里程表,,,,,,,
項次,地名,里程_單位公里,備註,項次,地名,里程_單位公里,備註
001,永安維新,0,起點，接省道台17線,008,燕巢市區,14.25,
002,本洲,1.961,,009,鳳山厝,18.343,接省道台22線
003,岡山市區,5.621,接省道台19甲線,010,大社,19.45,
004,劉厝,6.491,,011,仁武市區,23.45,
005,大寮,7.3,接省道台1線,012,仁武交流道,23.95,接國道10號
006,岡山交流道,10.55,接國道1號,013,大樹市區,34.074,終點，短鏈0.277公里，接省道台21線
007,瓊林,10.85,,,,,
,,,,,,,
,,,,,,,
縣道186甲線 大社－姑婆寮 里程表,,,,,,,
項次,地名,里程_單位公里,備註,項次,地名,里程_單位公里,備註
001,大社市區,0,起點，接縣道186線,002,大樹姑婆寮,12.634,終點，長鏈0.076公里，接省道台21線
,,,,,,,
,,,,,,,
縣道187線 水門－東港 里程表,,,,,,,
項次,地名,里程_單位公里,備註,項次,地名,里程_單位公里,備註
001,內埔水門,0,起點，接省道台24線,007,潮州,23,接省道台1線
002,龍泉,7.55,,008,潮州市區,25.3,三角公園前，接縣道189線
003,屏科大,10.75,,,,,
004,內埔市區,15.7,接縣道187甲線,009,崁頂市區,30.2,
005,忠心崙,18.2,接省道台1線,010,東港大橋前,37,接省道台17線
006,萬巒市區,21.07,,011,東港市區,39.892,終點，長鏈0.035公里，接省道台17線
,,,,,,,
,,,,,,,
縣道187甲線 龍泉－內埔 里程表,,,,,,,
項次,地名,里程_單位公里,備註,項次,地名,里程_單位公里,備註
001,內埔龍泉,0,起點，接縣道187線,003,內埔市區,6.8,終點，長鏈0.007公里，接縣道187線
002,新東勢,4.75,,,,,
,,,,,,,
,,,,,,,
縣道187乙線 萬巒－海坪 里程表,,,,,,,
項次,地名,里程_單位公里,備註,項次,地名,里程_單位公里,備註
001,萬巒市區,0,起點，接縣道187線,008,打鐵,14.191,接縣道189線
002,四块厝,2.531,,009,壽元,15.515,接省道台1線
003,泗林,3.964,,010,南州交流道,16.46,接國道3號
004,崙子頂,5.454,,011,南州市區,17.784,
005,崙東,7.181,,012,慈惠,19.99,
006,萬安,11.139,接鄉道屏116線,013,東港海坪,21.227,終點，短鏈0.343公里，接縣道187線
007,南豐,12.726,接鄉道屏117線,,,,
,,,,,,,
,,,,,,,
縣道188線 五甲－竹田 里程表,,,,,,,
項次,地名,里程_單位公里,備註,項次,地名,里程_單位公里,備註
001,鳳山五甲,0,起點，接縣道183線,004,大發工業區,10.6,接省道台88線、台21線，高屏市縣界
002,鳳山,2.38,接省道台88線、縣道183甲線,,,,
,,,,005,萬丹,15.98,接省道台88線、台27線
003,大寮,7.205,接省道台88線、台25線,,,,
,,,,006,竹田,20.68,終點，短鏈0.158公里，接縣道189線
,,,,,,,
,,,,,,,
縣道189線 下淡水溪－林邊 里程表,,,,,,,
項次,地名,里程_單位公里,備註,項次,地名,里程_單位公里,備註
001,屏東下淡水溪,0,起點，接省道台1線,008,潮州市區,15.781,三角公園前
,,,,009,潮州市區,16.286,光春天橋，接縣道187線
002,社皮,4.332,,010,潮州,17.264,接省道台1線
003,廣安,6.01,接省道台27線,011,打鐵,22.164,接縣道187乙線
004,萬丹市區,9.49,接省道台27線,012,新埤市區,25.8,接省道台1線
005,溝子乾,12.23,,013,竹仔腳,27.269,
006,泗洲,12.95,接縣道188線,014,林邊市區,31.391,終點，長鏈0.205公里，接省道台17線
007,五魁寮,14.2,接鄉道屏69線,,,,
,,,,,,,
,,,,,,,
縣道191線 頂埔－宜蘭 里程表,,,,,,,
項次,地名,里程_單位公里,備註,項次,地名,里程_單位公里,備註
001,頭城頂埔,0,起點，接省道台2庚線,004,五間,8.214,接縣道192線
002,礁溪,3.397,接鄉道宜4線,005,宜蘭市區,11.79,終點，長鏈0.103公里，接省道台7線
003,美城,7.681,接縣道191甲線,,,,
,,,,,,,
,,,,,,,
縣道191甲線 美城－新群 里程表,,,,,,,
項次,地名,里程_單位公里,備註,項次,地名,里程_單位公里,備註
001,美城,0,起點，接縣道191線,007,美福,7.025,接鄉道宜18線
002,抵美,0.534,接鄉道宜8線,008,三結,9.745,接鄉道宜25線
003,五間,1.499,接縣道192線,009,下五結,11.054,接鄉道宜24線
004,七張,2.724,接鄉道宜12線,010,五結,11.584,接縣道196線
005,黎明,4.229,接省道台7線,011,福星,12.035,接羅東聯絡道
006,吉祥,5.394,接宜蘭聯絡道B,012,新群,13.012,終點，接省道台7丙線
,,,,,,,
,,,,,,,
縣道192線 龍潭－大福 里程表,,,,,,,
項次,地名,里程_單位公里,備註,項次,地名,里程_單位公里,備註
001,礁溪龍潭,0,起點,005,土圍,6.681,接鄉道宜8線
002,新生,2.028,接省道台9線,006,車路頭,8.706,接鄉道宜7線
003,宜蘭交流道,4.85,接國道5號,007,壯圍大福,9.86,終點，短鏈0.056公里，接省道台2線
004,五間,5.356,接縣道191線,,,,
,,,,,,,
,,,,,,,
縣道193線 三棧－樂合 里程表,,,,,,,
項次,地名,里程_單位公里,備註,項次,地名,里程_單位公里,備註
001,秀林三棧,0,起點，接省道台9線,009,光復富田,64.401,接省道台11甲線
002,新城,6.95,接鄉道花12線,010,瑞穗富興,76.177,接鄉道花58線
003,美崙工業區,11.035,,011,瑞穗火車站,87.11,
004,花蓮市區,16.675,接鄉道花15線,012,觀音,98.037,
005,光華工業區,22.28,接省道台11線,013,高寮,103.388,
006,月眉橋,31.571,,014,鐵份,106.594,
007,中興,47.823,,015,玉里樂合,110.501,終點，短鏈0.419公里，接省道台9線
008,鳳林山興,52.792,接鄉道花46線,,,,
,,,,,,,
,,,,,,,
縣道194線 崎仔頭－知本 里程表,,,,,,,
項次,地名,里程_單位公里,備註,項次,地名,里程_單位公里,備註
1,崎仔頭,0,起點,2,知本,6.2,終點，接省道台9線
,,,,,,,
,,,,,,,
縣道196線 三星－下清水 里程表,,,,,,,
項次,地名,里程_單位公里,備註,項次,地名,里程_單位公里,備註
001,三星市區,0,起點，接省道台7丙線,005,羅東市區,14.611,接省道台9線
002,月眉,1.18,,006,五結市區,18.095,接鄉道宜25線
003,大洲,9.28,派出所前,007,孝威,21.33,接省道台2線
004,清洲,12.15,清洲橋中間,008,五結下清水,22.1,終點，短鏈0.131公里
,,,,,,,
,,,,,,,
縣道197線 池上－台東 里程表,,,,,,,
項次,地名,里程_單位公里,備註,項次,地名,里程_單位公里,備註
001,池上市區,0,起點，接省道台9線,006,巒山橋,42.116,
002,萬安,3.403,接鄉道東6線,007,利吉,50.106,
003,振興,10.83,接鄉道東24線,008,富源,56.188,
004,電光,16.243,,009,台東石川,60.207,終點，長鏈0.537公里，接省道台11乙線
005,中野橋,40.147,可接鄉道東34線,,,,
,,,,,,,
,,,,,,,
縣道198線 水底寮－大武 里程表,,,,,,,
項次,地名,里程_單位公里,備註,項次,地名,里程_單位公里,備註
001,枋寮水底寮,0,起點，接省道台1線,005,大漢山,10.698,檢查哨
002,新開,2.845,接縣道185線,006,屏東大漢山,30.994,通車終點，屏東縣界，大漢山至台東大武段不通
003,新開社區,3.678,,,,,
004,大漢山,5.05,入山檢查哨,,,,
,,,,,,,
,,,,,,,
縣道199線 壽卡－車城 里程表,,,,,,,
項次,地名,里程_單位公里,備註,項次,地名,里程_單位公里,備註
001,達仁壽卡,0,起點，東屏縣界，接省道台9線,004,石門市區,27.132,牡丹鄉公所
,,,,005,四重溪,32.521,
002,上牡丹,12.7,接縣道199甲線,006,車城市區,37.863,終點，長鏈0.262公里，接省道台26線
003,中間路,21.945,,,,,
,,,,,,,
,,,,,,,
縣道199甲線 舊牡丹－旭海 里程表,,,,,,,
項次,地名,里程_單位公里,備註,項次,地名,里程_單位公里,備註
001,上牡丹,0,起點，接縣道199線,002,牡丹旭海,8.61,終點，長鏈0.027公里，接省道台26線
,,,,,,,
,,,,,,,
縣道200線 恆春－港仔 里程表,,,,,,,
項次,地名,里程_單位公里,備註,項次,地名,里程_單位公里,備註
001,恆春市區,0,起點，接省道台26線,006,長樂,19.794,接鄉道屏170線
002,恆春分局,1.466,,007,分水嶺,24.274,接鄉道屏72線
003,出火,4.997,,008,片埔,29.429,接鄉道屏173線
004,新庄,9.793,接縣道200甲線,009,滿州港仔,33.571,終點，長鏈0.747公里，接省道台26線
005,滿州市區,13.007,接鄉道屏169線,,,,
,,,,,,,
,,,,,,,
縣道200甲線 新庄－港口 里程表,,,,,,,
項次,地名,里程_單位公里,備註,項次,地名,里程_單位公里,備註
001,滿州新庄,0,起點，接縣道200線,003,滿州港口,3.874,終點，長鏈0.043公里，接省道台26線
002,公館,2.864,,,,,
,,,,,,,
,,,,,,,
縣道201線 興仁－風櫃 里程表,,,,,,,
項次,地名,里程_單位公里,備註,項次,地名,里程_單位公里,備註
001,馬公興仁,0,起點，接縣道204線,003,馬公風櫃,10.56,終點，短鏈0.019公里
002,蒔裡,7.15,,,,,
,,,,,,,
,,,,,,,
縣道202線 東衛－裡正角 里程表,,,,,,,
項次,地名,里程_單位公里,備註,項次,地名,里程_單位公里,備註
001,馬公東衛,0,起點，接縣道203線,005,龍門,11.213,接縣道204線
002,西溪,5.315,接鄉道澎13線,006,湖西裡正角,12.631,終點，長鏈0.075公里
003,湖西市區,7.55,接鄉道澎19線,,,,
004,果葉,9.515,,,,,
,,,,,,,
,,,,,,,
縣道203線 馬公－外垵 里程表,,,,,,,
項次,地名,里程_單位公里,備註,項次,地名,里程_單位公里,備註
001,馬公市區,0,起點，碼頭,009,鎮海,13.437,接鄉道澎8線
002,澎湖縣政府,0.731,接縣道205線,010,赤崁市區,16.061,接鄉道澎7線
003,朝陽,2.465,接縣道204線,011,通梁,20.93,
004,東衛,4.208,接縣道202線,012,跨海大橋,20.95,
005,中西,7.83,,013,合界,24.597,
006,中正橋,8.672,,014,池東市區,30.196,接鄉道澎5線
007,中屯,9.394,,015,西嶼外垵,36.297,終點，長鏈0.097公里
008,永安橋,10.765,,,,,
,,,,,,,
,,,,,,,
縣道204線 朝陽－龍門 里程表,,,,,,,
項次,地名,里程_單位公里,備註,項次,地名,里程_單位公里,備註
001,馬公朝陽,0,起點，接縣道203線,004,隘門,7.04,接縣道204甲線、鄉道澎13線
,,,,,,,
002,興仁,3.523,接縣道201線,005,林投,7.7,接鄉道澎20線
003,烏崁,4.54,接鄉道澎25線,006,湖西龍門,10.957,終點，長鏈0.081公里，接縣道202線
,,,,,,,
,,,,,,,
,,,,,,,
縣道205線 馬公－興仁 里程表,,,,,,,
項次,地名,里程_單位公里,備註,項次,地名,里程_單位公里,備註
001,馬公市區,0,起點，接縣道203線,005,石泉,6.059,
002,西文澳,2.315,,006,菜園,6.391,
003,案山,4.716,,007,馬公興仁,7.632,終點，長鏈0.026公里，接縣道204線
004,前寮,5.482,,,,,